<?xml version="1.0" encoding="UTF-8"?>
<project-private xmlns="http://www.netbeans.org/ns/project-private/1">
    <editor-bookmarks xmlns="http://www.netbeans.org/ns/editor-bookmarks/2" lastBookmarkId="0"/>
    <open-files xmlns="http://www.netbeans.org/ns/projectui-open-files/2">
        <group>
            <file>file:/D:/project/Library-Management-System-master/Library-Management-System/src/library/management/system/Login_user.java</file>
            <file>file:/D:/project/Library-Management-System-master/Library-Management-System/src/library/management/system/conn.java</file>
            <file>file:/D:/project/Library-Management-System-master/Library-Management-System/src/library/management/system/AddBook.java</file>
            <file>file:/D:/project/Library-Management-System-master/Library-Management-System/src/library/management/system/aboutUs.java</file>
            <file>file:/D:/project/Library-Management-System-master/Library-Management-System/src/library/management/system/LibraryManagementSystem.java</file>
        </group>
    </open-files>
</project-private>
